timestamp,als,lux,uvs,uvi,temp_c,pressure_mbar,ozone_ppb,rtc_temp_c,sensor_flags,isa_alt_km,o3_ppmv,uv_erythemal_Wm2,vis_Wm2
2026/04/23 09:48:59,0,,0,,,,-1,19.75,0,,,,
2026/04/23 11:13:13,72,14.4,0,0,22.24,1018.26,0,23.5,15,-0.0416211,0,0,0.12
2026/04/23 11:13:24,75,15,0,0,22.31,1018.4,0,23.5,15,-0.0427818,0,0,0.125
2026/04/23 11:13:28,74,14.8,0,0,22.32,1018.27,7,23.5,15,-0.041704,0.007,0,0.123333
2026/04/23 11:16:43,108,21.6,0,0,22.39,1018.32,0,23.75,15,-0.0421185,0,0,0.18
2026/04/23 11:16:46,117,23.4,0,0,22.4,1018.3,2,23.75,15,-0.0419527,0.002,0,0.195
2026/04/23 11:16:57,98,19.6,0,0,22.46,1018.36,159,23.75,15,-0.0424501,0.159,0,0.163333
2026/04/23 11:17:09,99,19.8,0,0,22.5,1018.31,95,23.75,15,-0.0420356,0.095,0,0.165
2026/04/23 11:17:20,105,21,0,0,22.53,1018.45,124,23.75,15,-0.0431963,0.124,0,0.175
2026/04/23 11:17:31,104,20.8,0,0,22.56,1018.31,170,23.75,15,-0.0420356,0.17,0,0.173333
2026/04/23 11:17:35,92,18.4,0,0,22.56,1018.28,20,23.75,15,-0.0417869,0.02,0,0.153333
2026/04/23 11:17:46,112,22.4,0,0,22.6,1018.32,163,23.75,15,-0.0421185,0.163,0,0.186667
2026/04/23 11:18:00,105,21,0,0,22.64,1018.37,20,23.75,15,-0.042533,0.02,0,0.175
2026/04/23 11:18:12,98,19.6,0,0,22.66,1018.32,163,23.75,15,-0.0421185,0.163,0,0.163333
2026/04/23 11:18:23,92,18.4,0,0,22.7,1018.38,174,23.75,15,-0.0426159,0.174,0,0.153333
2026/04/23 11:18:35,94,18.8,0,0,22.72,1018.44,178,23.75,15,-0.0431134,0.178,0,0.156667
2026/04/23 11:18:46,78,15.6,0,0,22.72,1018.34,170,23.75,15,-0.0422843,0.17,0,0.13
2026/04/23 11:19:00,97,19.4,0,0,22.75,1018.28,20,23.75,15,-0.0417869,0.02,0,0.161667
2026/04/23 11:19:12,98,19.6,0,0,22.77,1018.39,163,23.75,15,-0.0426989,0.163,0,0.163333
2026/04/23 11:19:15,98,19.6,0,0,22.77,1018.2,20,23.75,15,-0.0411236,0.02,0,0.163333
2026/04/23 11:19:26,95,19,0,0,22.78,1018.37,306,24,15,-0.042533,0.306,0,0.158333
2026/04/23 11:19:37,87,17.4,0,0,22.79,1018.34,174,24,15,-0.0422843,0.174,0,0.145
2026/04/23 11:19:49,80,16,0,0,22.82,1018.36,178,24,15,-0.0424501,0.178,0,0.133333
2026/04/23 11:20:00,82,16.4,0,0,22.82,1018.42,170,24,15,-0.0429476,0.17,0,0.136667
2026/04/23 11:20:12,83,16.6,0,0,22.84,1018.42,170,24,15,-0.0429476,0.17,0,0.138333
2026/04/23 11:20:15,86,17.2,0,0,22.83,1018.16,1024,24,15,-0.0407919,1.024,0,0.143333
2026/04/23 11:20:29,86,17.2,0,0,22.84,1018.21,20,23.75,15,-0.0412065,0.02,0,0.143333
2026/04/23 11:20:41,84,16.8,0,0,22.86,1018.3,163,23.75,15,-0.0419527,0.163,0,0.14
2026/04/23 11:20:52,105,21,0,0,22.86,1018.38,174,23.75,15,-0.0426159,0.174,0,0.175
2026/04/23 11:21:03,104,20.8,0,0,22.87,1018.34,178,23.75,15,-0.0422843,0.178,0,0.173333
2026/04/23 11:21:15,105,21,0,0,22.86,1018.25,170,23.75,15,-0.0415382,0.17,0,0.175
2026/04/23 11:21:26,105,21,0,0,22.87,1018.35,120,23.75,15,-0.0423672,0.12,0,0.175
2026/04/23 11:21:43,116,23.2,0,0,22.89,1018.18,20,23.75,15,-0.0409578,0.02,0,0.193333
2026/04/23 11:21:55,120,24,0,0,22.91,1018.3,163,23.75,15,-0.0419527,0.163,0,0.2
2026/04/23 11:22:06,89,17.8,0,0,22.93,1018.43,97,23.75,15,-0.0430305,0.097,0,0.148333
2026/04/23 11:22:18,102,20.4,0,0,22.93,1018.32,125,23.75,15,-0.0421185,0.125,0,0.17
2026/04/23 11:22:29,114,22.8,0,0,22.93,1018.33,170,23.75,15,-0.0422014,0.17,0,0.19
2026/04/23 11:22:40,117,23.4,0,0,22.94,1018.41,170,23.75,15,-0.0428647,0.17,0,0.195
2026/04/23 11:22:52,120,24,0,0,22.96,1018.37,170,23.75,15,-0.042533,0.17,0,0.2
2026/04/23 11:23:06,116,23.2,0,0,22.96,1018.32,20,23.75,15,-0.0421185,0.02,0,0.193333
2026/04/23 11:23:18,117,23.4,0,0,22.97,1018.36,163,23.75,15,-0.0424501,0.163,0,0.195
2026/04/23 11:23:29,98,19.6,0,0,22.98,1018.39,174,23.75,15,-0.0426989,0.174,0,0.163333
2026/04/23 11:23:41,95,19,0,0,22.98,1018.39,178,23.75,15,-0.0426989,0.178,0,0.158333
2026/04/23 11:23:52,82,16.4,0,0,22.98,1018.28,170,23.75,15,-0.0417869,0.17,0,0.136667
2026/04/23 11:24:03,106,21.2,0,0,23,1018.37,170,23.75,15,-0.042533,0.17,0,0.176667
2026/04/23 11:24:15,83,16.6,0,0,23,1018.29,120,23.75,15,-0.0418698,0.12,0,0.138333
2026/04/23 11:24:32,91,18.2,0,0,23.01,1018.27,20,23.75,15,-0.041704,0.02,0,0.151667
2026/04/23 11:24:43,91,18.2,0,0,23.01,1018.28,163,23.75,15,-0.0417869,0.163,0,0.151667
2026/04/23 11:24:55,94,18.8,0,0,23.02,1018.39,97,23.75,15,-0.0426989,0.097,0,0.156667
2026/04/23 11:25:06,94,18.8,0,0,23.02,1018.31,125,23.75,15,-0.0420356,0.125,0,0.156667
2026/04/23 11:25:18,89,17.8,0,0,23.02,1018.25,170,23.75,15,-0.0415382,0.17,0,0.148333
2026/04/23 11:25:29,97,19.4,0,0,23.02,1018.29,170,23.75,15,-0.0418698,0.17,0,0.161667
2026/04/23 11:25:41,102,20.4,0,0,23.03,1018.31,170,23.75,15,-0.0420356,0.17,0,0.17
2026/04/23 11:25:43,108,21.6,0,0,23.02,1018.22,1024,23.75,15,-0.0412894,1.024,0,0.18
2026/04/23 11:25:47,103,20.6,0,0,23.03,1018.18,20,23.75,15,-0.0409578,0.02,0,0.171667
2026/04/23 11:25:58,100,20,0,0,23.03,1018.26,163,23.75,15,-0.0416211,0.163,0,0.166667
2026/04/23 11:26:09,100,20,0,0,23.05,1018.32,174,23.75,15,-0.0421185,0.174,0,0.166667
2026/04/23 11:26:21,82,16.4,0,0,23.05,1018.26,178,23.75,15,-0.0416211,0.178,0,0.136667
2026/04/23 11:26:32,80,16,0,0,23.06,1018.37,171,23.75,15,-0.042533,0.171,0,0.133333
2026/04/23 11:26:44,90,18,0,0,23.07,1018.44,123,23.75,15,-0.0431134,0.123,0,0.15
2026/04/23 11:26:58,120,24,0,0,23.06,1018.29,20,23.75,15,-0.0418698,0.02,0,0.2
2026/04/23 11:27:18,121,24.2,0,0,23.05,1018.11,20,23.75,15,-0.0403773,0.02,0,0.201667
2026/04/23 11:27:32,86,17.2,0,0,23.06,1018.24,1024,23.75,15,-0.0414553,1.024,0,0.143333
2026/04/23 11:27:50,88,17.6,0,0,23.07,1018.22,38,23.75,15,-0.0412894,0.038,0,0.146667
2026/04/23 11:28:02,86,17.2,0,0,23.09,1018.15,1024,23.75,15,-0.040709,1.024,0,0.143333
2026/04/23 11:28:05,95,19,0,0,23.09,1018.2,42,23.75,15,-0.0411236,0.042,0,0.158333
2026/04/23 11:28:16,87,17.4,0,0,23.1,1018.34,175,23.75,15,-0.0422843,0.175,0,0.145
2026/04/23 11:28:28,67,13.4,0,0,23.1,1018.31,258,23.75,15,-0.0420356,0.258,0,0.111667
2026/04/23 11:28:39,66,13.2,0,0,23.1,1018.37,237,23.75,15,-0.042533,0.237,0,0.11
2026/04/23 11:28:53,100,20,0,0,23.1,1018.28,33,23.75,15,-0.0417869,0.033,0,0.166667
2026/04/23 11:29:05,129,25.8,0,0,23.11,1018.42,177,23.75,15,-0.0429476,0.177,0,0.215
2026/04/23 11:29:16,131,26.2,0,0,23.12,1018.33,186,23.75,15,-0.0422014,0.186,0,0.218333
2026/04/23 11:29:30,80,16,0,0,23.12,1018.24,1024,23.75,15,-0.0414553,1.024,0,0.133333
2026/04/23 11:29:45,98,19.6,0,0,23.13,1018.22,1024,23.75,15,-0.0412894,1.024,0,0.163333
2026/04/23 11:30:02,100,20,0,0,23.13,1018.19,31,23.75,15,-0.0410407,0.031,0,0.166667
2026/04/23 11:30:13,106,21.2,0,0,23.13,1018.35,172,24,15,-0.0423672,0.172,0,0.176667
2026/04/23 11:30:28,116,23.2,0,0,23.14,1018.23,38,24,15,-0.0413723,0.038,0,0.193333
2026/04/23 11:30:39,110,22,0,0,23.13,1018.35,190,24,15,-0.0423672,0.19,0,0.183333
2026/04/23 11:30:42,100,20,0,0,23.13,1018.11,42,24,15,-0.0403773,0.042,0,0.166667
2026/04/23 11:30:54,116,23.2,0,0,23.13,1018.33,173,24,15,-0.0422014,0.173,0,0.193333
2026/04/23 11:31:05,98,19.6,0,0,23.12,1018.37,103,24,15,-0.042533,0.103,0,0.163333
2026/04/23 11:31:08,100,20,0,0,23.11,1018.17,20,24,15,-0.0408749,0.02,0,0.166667
2026/04/23 11:31:20,102,20.4,0,0,23.13,1018.27,163,24,15,-0.041704,0.163,0,0.17
2026/04/23 11:31:31,111,22.2,0,0,23.12,1018.27,177,24,15,-0.041704,0.177,0,0.185
2026/04/23 11:31:42,106,21.2,0,0,23.11,1018.27,183,24,15,-0.041704,0.183,0,0.176667
2026/04/23 11:31:54,115,23,0,0,23.12,1018.36,177,24,15,-0.0424501,0.177,0,0.191667
2026/04/23 11:31:57,100,20,0,0,23.11,1018.13,25,24,15,-0.0405432,0.025,0,0.166667
2026/04/23 11:32:08,99,19.8,0,0,23.12,1018.32,165,24,15,-0.0421185,0.165,0,0.165
2026/04/23 11:32:23,104,20.8,0,0,23.11,1018.17,1024,24,15,-0.0408749,1.024,0,0.173333
2026/04/23 11:32:34,123,24.6,0,0,23.12,1018.26,173,24,15,-0.0416211,0.173,0,0.205
2026/04/23 11:32:45,106,21.2,0,0,23.14,1018.35,192,24,15,-0.0423672,0.192,0,0.176667
2026/04/23 11:32:57,104,20.8,0,0,23.15,1018.28,199,24,15,-0.0417869,0.199,0,0.173333
2026/04/23 11:33:08,78,15.6,0,0,23.14,1018.37,191,24,15,-0.042533,0.191,0,0.13
2026/04/23 11:33:23,76,15.2,0,0,23.16,1018.21,1024,24,15,-0.0412065,1.024,0,0.126667
2026/04/23 11:33:34,55,11,0,0,23.17,1018.38,163,24,15,-0.0426159,0.163,0,0.0916667
2026/04/23 11:33:48,64,12.8,0,0,23.17,1018.19,20,24,15,-0.0410407,0.02,0,0.106667
2026/04/23 11:34:00,74,14.8,0,0,23.19,1018.3,163,24,15,-0.0419527,0.163,0,0.123333
2026/04/23 11:34:11,60,12,0,0,23.2,1018.36,177,24,15,-0.0424501,0.177,0,0.1
2026/04/23 11:34:23,55,11,0,0,23.18,1018.32,183,24,15,-0.0421185,0.183,0,0.0916667
2026/04/23 11:34:34,44,8.8,0,0,23.19,1018.4,131,24,15,-0.0427818,0.131,0,0.0733333
2026/04/23 11:34:48,76,15.2,0,0,23.21,1018.31,0,24,15,-0.0420356,0,0,0.126667
2026/04/23 11:35:00,81,16.2,0,0,23.23,1018.45,184,24,15,-0.0431963,0.184,0,0.135
2026/04/23 11:35:03,84,16.8,0,0,23.23,1018.28,1024,24,15,-0.0417869,1.024,0,0.14
2026/04/23 11:35:17,74,14.8,0,0,23.24,1018.29,25,24,15,-0.0418698,0.025,0,0.123333
2026/04/23 11:35:28,135,27,0,0,23.24,1018.26,164,24.25,15,-0.0416211,0.164,0,0.225
2026/04/23 11:35:40,87,17.4,0,0,23.24,1018.32,176,24.25,15,-0.0421185,0.176,0,0.145
2026/04/23 11:35:59,92,18.4,0,0,23.25,1018.3,25,24.25,15,-0.0419527,0.025,0,0.153333
2026/04/23 11:36:10,67,13.4,0,0,23.24,1018.34,167,24.25,15,-0.0422843,0.167,0,0.111667
2026/04/23 11:36:13,81,16.2,0,0,23.24,1018.23,20,24.25,15,-0.0413723,0.02,0,0.135
2026/04/23 11:36:24,111,22.2,0,0,23.24,1018.28,163,24.25,15,-0.0417869,0.163,0,0.185
2026/04/23 11:36:36,58,11.6,0,0,23.24,1018.3,174,24.25,15,-0.0419527,0.174,0,0.0966667
2026/04/23 11:36:47,143,28.6,0,0,23.25,1018.37,133,24.25,15,-0.042533,0.133,0,0.238333
2026/04/23 11:36:54,146,29.2,0,0,23.24,1018.22,48,24.25,15,-0.0412894,0.048,0,0.243333
2026/04/23 11:37:06,111,22.2,0,0,23.22,1018.34,184,24.25,15,-0.0422843,0.184,0,0.185
2026/04/23 11:38:23,99,19.8,0,0,23.11,1018.38,31,24.25,15,-0.0426159,0.031,0,0.165
2026/04/23 11:38:43,111,22.2,0,0,23.14,1018.26,37,24.5,15,-0.0416211,0.037,0,0.185
2026/04/23 11:38:57,133,26.6,0,0,23.16,1018.18,31,24.5,15,-0.0409578,0.031,0,0.221667
2026/04/23 11:39:00,135,27,0,0,23.16,1018.21,31,24.5,15,-0.0412065,0.031,0,0.225
2026/04/23 11:39:14,133,26.6,0,0,23.17,1018.22,0,24.5,15,-0.0412894,0,0,0.221667
2026/04/23 11:39:21,133,26.6,0,0,23.16,1018.24,31,24.5,15,-0.0414553,0.031,0,0.221667
2026/04/23 11:40:19,131,26.2,0,0,23.23,1018.18,1024,24.75,15,-0.0409578,1.024,0,0.218333
2026/04/23 11:40:31,130,26,0,0,23.24,1018.45,163,24.75,15,-0.0431963,0.163,0,0.216667
2026/04/23 11:40:42,129,25.8,0,0,23.25,1018.37,176,24.75,15,-0.042533,0.176,0,0.215
2026/04/23 11:40:54,130,26,0,0,23.27,1018.24,20,24.75,15,-0.0414553,0.02,0,0.216667
2026/04/23 11:41:06,112,22.4,0,0,23.28,1018.28,163,24.75,15,-0.0417869,0.163,0,0.186667
2026/04/23 11:41:17,102,20.4,0,0,23.28,1018.27,20,24.75,15,-0.041704,0.02,0,0.17
2026/04/23 11:41:28,119,23.8,0,0,23.29,1018.29,164,24.75,15,-0.0418698,0.164,0,0.198333
2026/04/23 11:41:34,116,23.2,0,0,23.29,1018.32,31,24.75,15,-0.0421185,0.031,0,0.193333
2026/04/23 11:41:46,119,23.8,0,0,23.29,1018.31,170,24.75,15,-0.0420356,0.17,0,0.198333
2026/04/23 11:41:54,117,23.4,0,0,23.29,1018.22,31,25,15,-0.0412894,0.031,0,0.195
2026/04/23 11:42:06,106,21.2,0,0,23.31,1018.33,316,25,15,-0.0422014,0.316,0,0.176667
2026/04/23 11:42:17,108,21.6,0,0,23.31,1018.4,338,25,15,-0.0427818,0.338,0,0.18
2026/04/23 11:42:28,122,24.4,0,0,23.31,1018.24,347,25,15,-0.0414553,0.347,0,0.203333
2026/04/23 11:42:43,128,25.6,0,0,23.32,1018.25,53,25,15,-0.0415382,0.053,0,0.213333
2026/04/23 11:42:57,125,25,0,0,23.33,1018.24,1024,25,15,-0.0414553,1.024,0,0.208333
2026/04/23 11:43:09,125,25,0,0,23.34,1018.36,172,25,15,-0.0424501,0.172,0,0.208333
2026/04/23 11:43:20,127,25.4,0,0,23.33,1018.37,182,25,15,-0.042533,0.182,0,0.211667
2026/04/23 11:43:32,125,25,0,0,23.35,1018.36,185,25,15,-0.0424501,0.185,0,0.208333
2026/04/23 11:43:43,129,25.8,0,0,23.36,1018.45,177,25,15,-0.0431963,0.177,0,0.215
2026/04/23 11:43:54,128,25.6,0,0,23.37,1018.29,176,25,15,-0.0418698,0.176,0,0.213333
2026/04/23 11:44:06,92,18.4,0,0,23.36,1018.3,176,25.25,15,-0.0419527,0.176,0,0.153333
2026/04/23 11:44:23,125,25,0,0,23.38,1018.24,27,25.25,15,-0.0414553,0.027,0,0.208333
2026/04/23 11:44:34,90,18,0,0,23.37,1018.45,176,25.25,15,-0.0431963,0.176,0,0.15
2026/04/23 11:44:46,124,24.8,0,0,23.37,1018.36,188,25.25,15,-0.0424501,0.188,0,0.206667
2026/04/23 11:44:57,124,24.8,0,0,23.39,1018.26,192,25.25,15,-0.0416211,0.192,0,0.206667
2026/04/23 11:45:09,124,24.8,0,0,23.4,1018.33,136,25.5,15,-0.0422014,0.136,0,0.206667
2026/04/23 11:45:20,123,24.6,0,0,23.39,1018.36,182,25.5,15,-0.0424501,0.182,0,0.205
2026/04/23 11:45:31,123,24.6,0,0,23.39,1018.32,179,25.5,15,-0.0421185,0.179,0,0.205
2026/04/23 11:45:34,124,24.8,0,0,23.39,1018.21,25,25.5,15,-0.0412065,0.025,0,0.206667
2026/04/23 11:45:38,123,24.6,0,0,23.4,1018.21,23,25.5,15,-0.0412065,0.023,0,0.205
2026/04/23 11:45:49,122,24.4,0,0,23.41,1018.39,163,25.5,15,-0.0426989,0.163,0,0.203333
2026/04/23 11:46:00,121,24.2,0,0,23.41,1018.27,174,25.5,15,-0.041704,0.174,0,0.201667
2026/04/23 11:46:18,122,24.4,0,0,23.43,1018.27,20,25.5,15,-0.041704,0.02,0,0.203333
2026/04/23 11:46:29,122,24.4,0,0,23.45,1018.33,163,25.5,15,-0.0422014,0.163,0,0.203333
2026/04/23 11:48:17,121,24.2,0,0,23.51,1018.24,24,25.75,15,-0.0414553,0.024,0,0.201667
2026/04/23 11:48:31,116,23.2,0,0,23.5,1018.27,20,25.75,15,-0.041704,0.02,0,0.193333
2026/04/23 11:48:42,117,23.4,0,0,23.52,1018.3,163,25.75,15,-0.0419527,0.163,0,0.195
2026/04/23 11:48:54,117,23.4,0,0,23.52,1018.34,251,25.75,15,-0.0422843,0.251,0,0.195
2026/04/23 11:49:05,116,23.2,0,0,23.52,1018.41,284,25.75,15,-0.0428647,0.284,0,0.193333
2026/04/23 11:49:17,115,23,0,0,23.53,1018.38,273,25.75,15,-0.0426159,0.273,0,0.191667
2026/04/23 11:49:28,112,22.4,0,0,23.52,1018.38,275,26,15,-0.0426159,0.275,0,0.186667
2026/04/23 11:49:31,116,23.2,0,0,23.51,1018.3,23,26,15,-0.0419527,0.023,0,0.193333
2026/04/23 11:49:42,114,22.8,0,0,23.52,1018.38,163,26,15,-0.0426159,0.163,0,0.19
2026/04/23 11:49:46,83,16.6,0,0,23.51,1018.24,20,26,15,-0.0414553,0.02,0,0.138333
2026/04/23 11:50:00,78,15.6,0,0,23.5,1018.18,25,26,15,-0.0409578,0.025,0,0.13
2026/04/23 11:50:11,81,16.2,0,0,23.49,1018.28,167,26,15,-0.0417869,0.167,0,0.135
2026/04/23 11:50:23,78,15.6,0,0,23.5,1018.3,176,26,15,-0.0419527,0.176,0,0.13
2026/04/23 11:50:34,87,17.4,0,0,23.5,1018.41,180,26,15,-0.0428647,0.18,0,0.145
2026/04/23 11:50:46,78,15.6,0,0,23.5,1018.27,20,26,15,-0.041704,0.02,0,0.13
2026/04/23 11:50:58,74,14.8,0,0,23.49,1018.2,1024,26,15,-0.0411236,1.024,0,0.123333
2026/04/23 11:51:00,76,15.2,0,0,23.5,1018.14,20,26,15,-0.0406261,0.02,0,0.126667
2026/04/23 11:51:23,58,11.6,0,0,23.49,1018.32,20,26,15,-0.0421185,0.02,0,0.0966667
2026/04/23 11:54:04,83,16.6,0,0,23.44,1018.28,24,26.25,15,-0.0417869,0.024,0,0.138333
2026/04/23 11:54:18,128,25.6,0,0,23.43,1018.26,20,26.25,15,-0.0416211,0.02,0,0.213333
2026/04/23 11:59:57,502,100.4,1,0.02,23.71,1018.29,20,26.75,15,-0.0418698,0.02,0.0005,0.836667
2026/04/23 12:00:08,482,96.4,1,0.02,24.15,1018.3,163,26.75,15,-0.0419527,0.163,0.0005,0.803333
2026/04/23 12:01:09,155,31,0,0,24.65,1018.3,20,27,15,-0.0419527,0.02,0,0.258333
2026/04/23 12:01:21,204,40.8,0,0,24.9,1018.36,163,27,15,-0.0424501,0.163,0,0.34
2026/04/23 12:01:32,546,109.2,1,0.02,24.85,1018.37,174,27,15,-0.042533,0.174,0.0005,0.91
2026/04/23 12:01:44,579,115.8,1,0.02,25.16,1018.36,125,27,15,-0.0424501,0.125,0.0005,0.965
2026/04/23 12:01:55,603,120.6,1,0.02,25.2,1018.31,170,27,15,-0.0420356,0.17,0.0005,1.005
2026/04/23 12:05:13,382,76.4,1,0.02,26.31,1018.14,20,28,15,-0.0406261,0.02,0.0005,0.636667
2026/04/23 12:05:28,341,68.2,0,0,26.22,1018.07,20,28.25,15,-0.0400457,0.02,0,0.568333
2026/04/23 12:05:48,350,70,1,0.02,26.28,1018.15,62,28.25,15,-0.040709,0.062,0.0005,0.583333
2026/04/23 12:06:17,508,101.6,1,0.02,26.11,1018.14,20,28.25,15,-0.0406261,0.02,0.0005,0.846667
2026/04/23 12:06:34,330,66,1,0.02,26.07,1018.16,33,28.75,15,-0.0407919,0.033,0.0005,0.55
2026/04/23 12:06:40,327,65.4,1,0.02,26.1,1018.15,49,28.75,15,-0.040709,0.049,0.0005,0.545
2026/04/23 12:06:51,331,66.2,1,0.02,26.23,1018.31,200,28.75,15,-0.0420356,0.2,0.0005,0.551667
2026/04/23 12:07:03,334,66.8,1,0.02,26.29,1018.32,285,28.75,15,-0.0421185,0.285,0.0005,0.556667
2026/04/23 12:07:14,329,65.8,1,0.02,26.41,1018.22,313,28.75,15,-0.0412894,0.313,0.0005,0.548333
2026/04/23 12:07:17,333,66.6,1,0.02,26.4,1018.21,44,28.75,15,-0.0412065,0.044,0.0005,0.555
2026/04/23 12:07:29,330,66,1,0.02,26.35,1018.41,324,29,15,-0.0428647,0.324,0.0005,0.55
2026/04/23 12:07:40,322,64.4,0,0,26.35,1018.26,261,29,15,-0.0416211,0.261,0,0.536667
2026/04/23 12:07:54,318,63.6,1,0.02,26.36,1018.17,1024,29,15,-0.0408749,1.024,0.0005,0.53
2026/04/23 12:08:06,319,63.8,0,0,26.46,1018.28,307,29,15,-0.0417869,0.307,0,0.531667
2026/04/23 12:08:17,329,65.8,1,0.02,26.36,1018.29,258,29,15,-0.0418698,0.258,0.0005,0.548333
2026/04/23 12:08:29,406,81.2,1,0.02,26.18,1018.27,236,29,15,-0.041704,0.236,0.0005,0.676667
2026/04/23 12:08:43,367,73.4,1,0.02,26.06,1018.13,20,29.5,15,-0.0405432,0.02,0.0005,0.611667
2026/04/23 12:08:54,433,86.6,0,0,26,1018.28,322,29.5,15,-0.0417869,0.322,0,0.721667
2026/04/23 12:09:06,409,81.8,1,0.02,25.91,1018.16,274,29.5,15,-0.0407919,0.274,0.0005,0.681667
2026/04/23 12:09:09,416,83.2,0,0,25.9,1018.15,1024,29.5,15,-0.040709,1.024,0,0.693333
2026/04/23 12:09:20,432,86.4,1,0.02,25.85,1018.22,164,29.5,15,-0.0412894,0.164,0.0005,0.72
2026/04/23 12:09:31,477,95.4,1,0.02,25.7,1018.33,184,29.5,15,-0.0422014,0.184,0.0005,0.795
2026/04/23 12:09:43,455,91,1,0.02,25.68,1018.14,191,29.75,15,-0.0406261,0.191,0.0005,0.758333
2026/04/23 12:09:54,440,88,1,0.02,25.67,1018.21,187,29.75,15,-0.0412065,0.187,0.0005,0.733333
2026/04/23 12:09:57,449,89.8,1,0.02,25.68,1018.18,1024,29.75,15,-0.0409578,1.024,0.0005,0.748333
2026/04/23 12:10:09,435,87,1,0.02,25.74,1018.15,175,29.75,15,-0.040709,0.175,0.0005,0.725
2026/04/23 12:10:23,464,92.8,1,0.02,25.77,1018.16,59,29.75,15,-0.0407919,0.059,0.0005,0.773333
2026/04/23 12:10:35,460,92,1,0.02,25.82,1018.26,201,29.75,15,-0.0416211,0.201,0.0005,0.766667
2026/04/23 12:10:46,469,93.8,1,0.02,25.93,1018.27,208,30.25,15,-0.041704,0.208,0.0005,0.781667
2026/04/23 12:10:57,465,93,0,0,25.82,1018.29,202,30.25,15,-0.0418698,0.202,0,0.775
2026/04/23 12:11:09,459,91.8,1,0.02,25.77,1018.24,134,30.25,15,-0.0414553,0.134,0.0005,0.765
2026/04/23 12:11:23,494,98.8,1,0.02,25.63,1018.23,20,30.25,15,-0.0413723,0.02,0.0005,0.823333
2026/04/23 12:11:35,490,98,1,0.02,25.46,1018.25,163,30.25,15,-0.0415382,0.163,0.0005,0.816667
2026/04/23 12:11:37,479,95.8,1,0.02,25.4,1018.17,1024,30.25,15,-0.0408749,1.024,0.0005,0.798333
2026/04/23 12:11:49,501,100.2,1,0.02,25.4,1018.31,168,30.75,15,-0.0420356,0.168,0.0005,0.835
2026/04/23 12:12:00,493,98.6,1,0.02,25.41,1018.22,192,30.75,15,-0.0412894,0.192,0.0005,0.821667
2026/04/23 12:12:12,496,99.2,1,0.02,25.44,1018.29,206,30.75,15,-0.0418698,0.206,0.0005,0.826667
2026/04/23 12:12:23,495,99,1,0.02,25.43,1018.37,218,30.75,15,-0.042533,0.218,0.0005,0.825
2026/04/23 12:12:35,497,99.4,1,0.02,25.32,1018.26,225,30.75,15,-0.0416211,0.225,0.0005,0.828333
2026/04/23 12:12:38,497,99.4,1,0.02,25.32,1018.19,34,30.75,15,-0.0410407,0.034,0.0005,0.828333
2026/04/23 12:12:52,487,97.4,1,0.02,25.23,1018.16,20,31,15,-0.0407919,0.02,0.0005,0.811667
2026/04/23 12:13:03,501,100.2,1,0.02,25.21,1018.2,168,31,15,-0.0411236,0.168,0.0005,0.835
2026/04/23 12:13:15,505,101,1,0.02,25.18,1018.26,188,31,15,-0.0416211,0.188,0.0005,0.841667
2026/04/23 12:13:26,508,101.6,0,0,25.15,1018.21,193,31,15,-0.0412065,0.193,0,0.846667
2026/04/23 12:13:38,508,101.6,1,0.02,25.12,1018.25,139,31,15,-0.0415382,0.139,0.0005,0.846667
2026/04/23 12:13:49,422,84.4,1,0.02,25.2,1018.1,185,31.5,15,-0.0402944,0.185,0.0005,0.703333
2026/04/23 12:14:03,494,98.8,1,0.02,25.2,1018.1,100,31.5,15,-0.0402944,0.1,0.0005,0.823333
2026/04/23 12:14:06,498,99.6,0,0,25.21,1018.15,1024,31.5,15,-0.040709,1.024,0,0.83
2026/04/23 12:14:18,510,102,1,0.02,25.25,1018.24,340,31.5,15,-0.0414553,0.34,0.0005,0.85
2026/04/23 12:14:29,494,98.8,1,0.02,25.22,1018.22,359,31.5,15,-0.0412894,0.359,0.0005,0.823333
2026/04/23 12:14:41,517,103.4,1,0.02,25.16,1018.22,361,31.5,15,-0.0412894,0.361,0.0005,0.861667
2026/04/23 12:14:52,517,103.4,1,0.02,25.18,1018.26,236,31.5,15,-0.0416211,0.236,0.0005,0.861667
2026/04/23 12:15:03,509,101.8,1,0.02,25.09,1018.18,280,31.75,15,-0.0409578,0.28,0.0005,0.848333
2026/04/23 12:15:15,513,102.6,1,0.02,24.85,1018.21,225,31.75,15,-0.0412065,0.225,0.0005,0.855
2026/04/23 12:15:21,522,104.4,1,0.02,24.72,1018.2,20,31.75,15,-0.0411236,0.02,0.0005,0.87
2026/04/23 12:15:32,522,104.4,1,0.02,24.76,1018.27,163,31.75,15,-0.041704,0.163,0.0005,0.87
2026/04/23 12:15:44,510,102,1,0.02,24.7,1018.28,187,31.75,15,-0.0417869,0.187,0.0005,0.85
2026/04/23 12:15:55,505,101,1,0.02,24.67,1018.17,198,31.75,15,-0.0408749,0.198,0.0005,0.841667
2026/04/23 12:16:07,489,97.8,1,0.02,24.59,1018.23,193,32.25,15,-0.0413723,0.193,0.0005,0.815
2026/04/23 12:16:18,488,97.6,1,0.02,24.64,1018.24,196,32.25,15,-0.0414553,0.196,0.0005,0.813333
2026/04/23 12:16:29,500,100,1,0.02,24.54,1018.31,193,32.25,15,-0.0420356,0.193,0.0005,0.833333
2026/04/23 12:16:44,408,81.6,1,0.02,24.63,1018.08,0,32.25,15,-0.0401286,0,0.0005,0.68
2026/04/23 12:16:56,437,87.4,1,0.02,24.7,1018.22,200,32.25,15,-0.0412894,0.2,0.0005,0.728333
2026/04/23 12:17:07,448,89.6,1,0.02,24.63,1018.2,210,32.5,15,-0.0411236,0.21,0.0005,0.746667
2026/04/23 12:17:18,454,90.8,1,0.02,24.69,1018.13,210,32.5,15,-0.0405432,0.21,0.0005,0.756667
2026/04/23 12:17:30,449,89.8,1,0.02,24.74,1018.26,151,32.5,15,-0.0416211,0.151,0.0005,0.748333
2026/04/23 12:17:41,452,90.4,1,0.02,24.83,1018.21,192,32.5,15,-0.0412065,0.192,0.0005,0.753333
2026/04/23 12:17:53,446,89.2,1,0.02,24.76,1018.29,188,32.5,15,-0.0418698,0.188,0.0005,0.743333
2026/04/23 12:18:10,448,89.6,1,0.02,24.7,1018.19,20,32.75,15,-0.0410407,0.02,0.0005,0.746667
2026/04/23 12:18:21,425,85,1,0.02,24.51,1018.22,163,32.75,15,-0.0412894,0.163,0.0005,0.708333
2026/04/23 12:18:33,388,77.6,0,0,24.55,1018.2,174,32.75,15,-0.0411236,0.174,0,0.646667
2026/04/23 12:18:44,58564,11712.8,79,1.35,24.25,1015.39,180,32.75,15,-0.0177986,0.18,0.03375,97.6067
2026/04/23 12:18:55,67166,13433.2,86,1.47,24,1014.49,176,32.75,15,-0.0103169,0.176,0.03675,111.943
2026/04/23 12:19:07,77022,15404.4,102,1.75,23.81,1012.73,176,32.75,15,0.00432949,0.176,0.04375,128.37
2026/04/23 12:19:18,88679,17735.8,126,2.16,23.78,1012.76,176,33.25,15,0.00407966,0.176,0.054,147.798
2026/04/23 12:19:21,89320,17864,128,2.19,23.77,1012.09,25,33.25,15,0.00966057,0.025,0.05475,148.867
2026/04/23 12:19:25,60074,12014.8,89,1.53,23.87,1017.49,34,33.25,15,-0.035235,0.034,0.03825,100.123
2026/04/23 12:19:27,64724,12944.8,94,1.61,23.87,1017.59,44,33.25,15,-0.0360646,0.044,0.04025,107.873
2026/04/23 12:19:42,87859,17571.8,125,2.14,23.82,1012.22,1024,33.25,15,0.00857747,1.024,0.0535,146.432
2026/04/23 12:19:53,85717,17143.4,137,2.35,23.53,1013.04,316,33.25,15,0.00174823,0.316,0.05875,142.862
2026/04/23 12:19:56,78475,15695,114,1.95,23.47,1013.94,1024,33.25,15,-0.00574212,1.024,0.04875,130.792
2026/04/23 12:20:08,53714,10742.8,77,1.32,23.13,1015.11,306,33.25,15,-0.0154715,0.306,0.033,89.5233
2026/04/23 12:20:11,51280,10256,81,1.39,22.93,1015.68,1024,33.25,15,-0.0202082,1.024,0.03475,85.4667
2026/04/23 12:20:16,63772,12754.4,89,1.53,22.65,1014.24,20,33.5,15,-0.00823771,0.02,0.03825,106.287
2026/04/23 12:20:19,60832,12166.4,85,1.46,22.55,1014.2,20,33.5,15,-0.007905,0.02,0.0365,101.387
2026/04/23 12:20:22,61261,12252.2,87,1.49,22.49,1014.13,20,33.5,15,-0.00732273,0.02,0.03725,102.102
2026/04/23 12:20:25,67254,13450.8,91,1.56,22.46,1013.61,1024,33.5,15,-0.00299629,1.024,0.039,112.09
2026/04/23 12:20:28,65514,13102.8,91,1.56,22.39,1014.76,20,33.5,15,-0.012562,0.02,0.039,109.19
2026/04/23 12:20:31,59668,11933.6,85,1.46,22.21,1014.19,20,33.5,15,-0.00782182,0.02,0.0365,99.4467
2026/04/23 12:22:54,40042,8008.4,125,2.14,19.14,999.82,20,33.75,15,0.112399,0.02,0.0535,66.7367
2026/04/23 12:23:06,33254,6650.8,110,1.89,18.36,992.15,163,33.75,15,0.177141,0.163,0.04725,55.4233
2026/04/23 12:23:09,33182,6636.4,108,1.85,18.11,989.09,20,33.75,15,0.203083,0.02,0.04625,55.3033
2026/04/23 12:23:20,33177,6635.4,121,2.07,17.51,980.45,306,33.75,15,0.276684,0.306,0.05175,55.295
2026/04/23 12:23:32,32950,6590,112,1.92,16.82,970.89,174,33.75,15,0.358737,0.174,0.048,54.9167
2026/04/23 12:23:43,33343,6668.6,122,2.09,16.06,962.16,178,33.75,15,0.43424,0.178,0.05225,55.5717
2026/04/23 12:23:55,34478,6895.6,124,2.13,15.31,952.6,170,33.75,15,0.51756,0.17,0.05325,57.4633
2026/04/23 12:24:09,38500,7700,130,2.23,14.24,941.06,20,33.75,15,0.619043,0.02,0.05575,64.1667
2026/04/23 12:24:12,36416,7283.2,128,2.19,14.01,938.43,20,33.75,15,0.642313,0.02,0.05475,60.6933
2026/04/23 12:24:18,42988,8597.6,132,2.26,13.74,933.7,21,33.75,15,0.684295,0.021,0.0565,71.6467
2026/04/23 12:24:32,36776,7355.2,132,2.26,12.94,925.5,29,33,15,0.757486,0.029,0.0565,61.2933
2026/04/23 12:51:22,65897,13179.4,318,5.45,-35.53,299.66,21,11.25,15,9.17154,0.021,0.13625,109.828
2026/04/23 12:51:36,68289,13657.8,328,5.62,-36.02,295.8,25,11.25,15,9.25816,0.025,0.1405,113.815
2026/04/23 12:51:51,64418,12883.6,304,5.21,-36.4,293.15,1024,11.25,15,9.31816,1.024,0.13025,107.363
2026/04/23 12:52:08,72901,14580.2,332,5.69,-37.01,288.56,25,11.25,15,9.42313,0.025,0.14225,121.502
2026/04/23 12:52:23,70193,14038.6,317,5.43,-37.25,285.19,25,10,15,9.50107,0.025,0.13575,116.988
2026/04/23 12:52:37,70358,14071.6,331,5.67,-37.61,281.41,20,10,15,9.58938,0.02,0.14175,117.263
2026/04/23 12:52:51,68223,13644.6,327,5.61,-38.12,277.27,27,10,15,9.6872,0.027,0.14025,113.705
2026/04/23 12:53:06,74385,14877,337,5.78,-38.54,273.7,27,10,15,9.77252,0.027,0.1445,123.975
2026/04/23 12:53:20,76959,15391.8,329,5.64,-39.06,270,25,9,15,9.86189,0.025,0.141,128.265
2026/04/23 12:53:37,68812,13762.4,323,5.54,-40.01,265.53,20,9,15,9.9712,0.02,0.1385,114.687
2026/04/23 12:53:52,65570,13114,317,5.43,-40.33,262.73,20,9,15,10.0404,0.02,0.13575,109.283
2026/04/23 12:54:06,67395,13479,320,5.49,-40.74,259.08,20,9,15,10.1316,0.02,0.13725,112.325
2026/04/23 12:54:21,70516,14103.2,317,5.43,-41.24,255.5,0,9,15,10.222,0,0.13575,117.527
2026/04/23 12:54:35,70925,14185,333,5.71,-41.69,251.6,1024,8.25,15,10.3217,1.024,0.14275,118.208
2026/04/23 12:54:52,67005,13401,318,5.45,-42.01,247.99,27,8.25,15,10.4151,0.027,0.13625,111.675
2026/04/23 12:55:07,77746,15549.2,341,5.85,-42.3,244.51,20,8.25,15,10.5061,0.02,0.14625,129.577
2026/04/23 12:55:21,67287,13457.4,325,5.57,-42.71,241.11,25,8.25,15,10.5961,0.025,0.13925,112.145
2026/04/23 12:55:35,67656,13531.2,325,5.57,-43.04,238.06,20,7,15,10.6778,0.02,0.13925,112.76
2026/04/23 12:55:38,76018,15203.6,345,5.91,-43.22,236.91,1024,7,15,10.7087,1.024,0.14775,126.697
2026/04/23 12:55:53,70620,14124,339,5.81,-43.57,233.89,1024,7,15,10.7907,1.024,0.14525,117.7
2026/04/23 12:55:56,81044,16208.8,351,6.02,-43.64,232.79,24,7,15,10.8208,0.024,0.1505,135.073
2026/04/23 12:56:10,67623,13524.6,316,5.42,-43.96,230.92,20,7,15,10.8722,0.02,0.1355,112.705
2026/04/23 12:56:25,70063,14012.6,329,5.64,-44.24,227.93,20,7,15,10.955,0.02,0.141,116.772
2026/04/23 12:56:42,70770,14154,331,5.67,-44.65,224.01,20,6,15,11.0651,0.02,0.14175,117.95
2026/04/23 12:56:56,83604,16720.8,337,5.78,-45.26,220.09,25,6,15,11.177,0.025,0.1445,139.34
2026/04/23 13:01:05,79000,15800,352,6.03,-47.42,171.4,20,2.25,15,12.7627,0.02,0.15075,131.667
2026/04/23 13:01:20,75164,15032.8,352,6.03,-47.16,169.4,20,2.25,15,12.8371,0.02,0.15075,125.273
2026/04/23 13:01:23,70742,14148.4,327,5.61,-47.09,169.75,20,2.25,15,12.824,0.02,0.14025,117.903
2026/04/23 13:01:40,70691,14138.2,329,5.64,-46.94,167.54,1024,2.25,15,12.9071,1.024,0.141,117.818
2026/04/23 13:01:46,70734,14146.8,328,5.62,-46.84,166.63,20,2.25,15,12.9416,0.02,0.1405,117.89
2026/04/23 13:02:04,71737,14347.4,339,5.81,-46.63,164.22,1024,1.25,15,13.034,1.024,0.14525,119.562
2026/04/23 13:02:18,69758,13951.6,344,5.9,-46.49,161.83,1024,1.25,15,13.127,1.024,0.1475,116.263
2026/04/23 13:02:32,70172,14034.4,337,5.78,-46.42,159.32,1024,1.25,15,13.2261,1.024,0.1445,116.953
2026/04/23 13:02:35,74233,14846.6,343,5.88,-46.36,159.55,20,1.25,15,13.217,0.02,0.147,123.722
2026/04/23 13:02:50,70573,14114.6,345,5.91,-46.07,157.37,20,1.25,15,13.3042,0.02,0.14775,117.622
2026/04/23 13:03:04,72984,14596.8,343,5.88,-45.83,155.02,20,0.75,15,13.3997,0.02,0.147,121.64
2026/04/23 13:03:07,74468,14893.6,351,6.02,-45.78,154.45,20,0.75,15,13.423,0.02,0.1505,124.113
2026/04/23 13:03:22,75797,15159.4,349,5.98,-45.61,152.4,20,0.75,15,13.5077,0.02,0.1495,126.328
2026/04/23 13:03:39,80960,16192,345,5.91,-45.48,150.94,20,0.75,15,13.5688,0.02,0.14775,134.933
2026/04/23 13:03:53,73173,14634.6,344,5.9,-45.58,148.33,20,0.75,15,13.6794,0.02,0.1475,121.955
2026/04/23 13:04:08,70628,14125.6,343,5.88,-45.39,146.61,20,0,15,13.7534,0.02,0.147,117.713
2026/04/23 13:04:22,70769,14153.8,331,5.67,-45.29,145.58,1024,0,15,13.7981,1.024,0.14175,117.948
2026/04/23 13:04:37,77978,15595.6,351,6.02,-45.08,142.96,1024,0,15,13.9133,1.024,0.1505,129.963
2026/04/23 13:04:51,70561,14112.2,341,5.85,-44.98,141.96,1024,0,15,13.9578,1.024,0.14625,117.602
2026/04/23 13:05:06,72051,14410.2,335,5.74,-44.83,140.81,1024,255.5,15,14.0094,1.024,0.1435,120.085
2026/04/23 13:05:23,74898,14979.6,339,5.81,-44.65,138.66,20,255.5,15,14.1069,0.02,0.14525,124.83
2026/04/23 13:05:38,70607,14121.4,336,5.76,-44.55,137.05,20,255.5,15,14.181,0.02,0.144,117.678
2026/04/23 13:05:52,70690,14138,332,5.69,-44.48,135.77,20,255.5,15,14.2405,0.02,0.14225,117.817
2026/04/23 13:07:23,73511,14702.2,337,5.78,-43.6,126.5,1024,254.75,15,14.689,1.024,0.1445,122.518
2026/04/23 13:07:37,70689,14137.8,331,5.67,-43.22,125.15,20,254.75,15,14.757,0.02,0.14175,117.815
2026/04/23 13:07:52,75003,15000.6,345,5.91,-43.2,122.79,20,254.75,15,14.8777,0.02,0.14775,125.005
2026/04/23 13:08:06,75921,15184.2,343,5.88,-43.1,121.41,20,254.75,15,14.9494,0.02,0.147,126.535
2026/04/23 13:08:20,70629,14125.8,343,5.88,-42.69,120.34,20,254.5,15,15.0056,0.02,0.147,117.715
2026/04/23 13:08:38,72883,14576.6,352,6.03,-42.56,118.65,20,254.5,15,15.0952,0.02,0.15075,121.472
2026/04/23 13:08:52,73232,14646.4,340,5.83,-42.45,117.7,20,254.5,15,15.1462,0.02,0.14575,122.053
2026/04/23 13:09:06,70751,14150.2,329,5.64,-42.24,116.75,20,254.5,15,15.1976,0.02,0.141,117.918
2026/04/23 13:09:21,70688,14137.6,331,5.67,-42.17,115.13,20,254.25,15,15.2862,0.02,0.14175,117.813
2026/04/23 13:09:35,71725,14345,340,5.83,-41.92,113.53,20,254.25,15,15.375,0.02,0.14575,119.542
2026/04/23 13:09:53,70922,14184.4,341,5.85,-41.92,111.96,20,254.25,15,15.4633,0.02,0.14625,118.203
2026/04/23 13:10:07,74452,14890.4,343,5.88,-41.94,110.78,20,254.25,15,15.5305,0.02,0.147,124.087
2026/04/23 13:10:10,70754,14150.8,332,5.69,-41.89,110.69,20,254.25,15,15.5356,0.02,0.14225,117.923
2026/04/23 13:10:24,72377,14475.4,343,5.88,-41.8,109.22,20,254,15,15.6204,0.02,0.147,120.628
2026/04/23 13:10:39,78485,15697,344,5.9,-41.82,107.17,20,254,15,15.7406,0.02,0.1475,130.808
2026/04/23 13:10:59,73021,14604.2,345,5.91,-41.69,105.41,20,254,15,15.8456,0.02,0.14775,121.702
2026/04/23 13:11:02,70576,14115.2,348,5.97,-41.63,105.68,20,254,15,15.8294,0.02,0.14925,117.627
2026/04/23 13:11:05,75964,15192.8,347,5.95,-41.47,105.83,20,254,15,15.8204,0.02,0.14875,126.607
2026/04/23 13:11:19,74079,14815.8,339,5.81,-41.47,104.32,20,254,15,15.9115,0.02,0.14525,123.465
2026/04/23 13:11:22,72411,14482.2,341,5.85,-41.49,103.28,20,254,15,15.975,0.02,0.14625,120.685
2026/04/23 13:11:39,72604,14520.8,349,5.98,-41.3,101.92,1024,254,15,16.0591,1.024,0.1495,121.007
2026/04/23 13:11:45,74293,14858.6,341,5.85,-41.14,102.06,20,254,15,16.0504,0.02,0.14625,123.822
2026/04/23 13:13:22,73334,14666.8,348,5.97,-40.37,93.93,20,253.75,15,16.5768,0.02,0.14925,122.223
2026/04/23 13:13:36,75511,15102.2,352,6.03,-40.24,92.59,20,253.75,15,16.6679,0.02,0.15075,125.852
2026/04/23 13:13:51,74306,14861.2,339,5.81,-40.06,91.73,20,253.75,15,16.7271,0.02,0.14525,123.843
2026/04/23 13:14:05,75603,15120.6,347,5.95,-39.87,90.6,20,253.75,15,16.8057,0.02,0.14875,126.005
2026/04/23 13:14:19,70775,14155,329,5.64,-39.73,90.02,20,253.75,15,16.8465,0.02,0.141,117.958
2026/04/23 13:14:25,70718,14143.6,332,5.69,-39.68,89.21,20,253.75,15,16.9038,0.02,0.14225,117.863
2026/04/23 13:14:40,70998,14199.6,337,5.78,-39.56,88.15,20,253.75,15,16.9796,0.02,0.1445,118.33
2026/04/23 13:14:54,71174,14234.8,337,5.78,-39.55,87.45,20,253.75,15,17.0301,0.02,0.1445,118.623
2026/04/23 13:15:09,70711,14142.2,331,5.67,-39.44,85.83,20,253.75,15,17.1487,0.02,0.14175,117.852
2026/04/23 13:15:23,80218,16043.6,355,6.09,-39.47,84.68,20,253.75,15,17.2343,0.02,0.15225,133.697
2026/04/23 13:18:45,70748,14149.6,335,5.74,-37.59,71.51,20,253.5,15,18.3063,0.02,0.1435,117.913
2026/04/23 13:18:59,72666,14533.2,339,5.81,-37.57,70.33,20,253.5,15,18.4118,0.02,0.14525,121.11
2026/04/23 13:19:14,70859,14171.8,333,5.71,-37.31,69.48,20,253.5,15,18.4889,0.02,0.14275,118.098
2026/04/23 13:19:28,77469,15493.8,353,6.05,-37.32,68.23,20,253.5,15,18.604,0.02,0.15125,129.115
2026/04/23 13:19:42,73336,14667.2,333,5.71,-37.21,67.65,20,253.5,15,18.6582,0.02,0.14275,122.227
2026/04/23 13:20:00,70730,14146,335,5.74,-37.24,66.66,20,253.5,15,18.7517,0.02,0.1435,117.883
2026/04/23 13:20:14,73811,14762.2,345,5.91,-37.16,64.94,20,253.5,15,18.9174,0.02,0.14775,123.018
2026/04/23 13:20:29,74360,14872,333,5.71,-36.84,65.04,20,253.5,15,18.9077,0.02,0.14275,123.933
2026/04/23 13:20:43,72717,14543.4,347,5.95,-36.84,64.45,20,253.5,15,18.9655,0.02,0.14875,121.195
2026/04/23 13:20:57,76993,15398.6,340,5.83,-36.68,63.21,20,253.5,15,19.0887,0.02,0.14575,128.322
2026/04/23 13:21:03,74554,14910.8,341,5.85,-36.62,63.12,20,253.5,15,19.0977,0.02,0.14625,124.257
2026/04/23 13:21:18,73010,14602,331,5.67,-36.44,63.3,20,253.5,15,19.0796,0.02,0.14175,121.683
2026/04/23 13:21:32,72429,14485.8,345,5.91,-36.27,61.33,20,253.5,15,19.2801,0.02,0.14775,120.715
2026/04/23 13:21:47,76562,15312.4,344,5.9,-36.06,60.07,20,253.5,15,19.4118,0.02,0.1475,127.603
2026/04/23 13:22:01,81260,16252,355,6.09,-35.93,59.31,20,253.5,15,19.4925,0.02,0.15225,135.433
2026/04/23 13:22:33,80367,16073.4,347,5.95,-35.62,57.31,20,253.5,15,19.7101,0.02,0.14875,133.945
2026/04/23 13:23:55,70728,14145.6,344,5.9,-34.91,53.12,20,253.5,15,20.1916,0.02,0.1475,117.88
2026/04/23 13:24:10,77260,15452,340,5.83,-34.68,52.94,20,253.5,15,20.2132,0.02,0.14575,128.767
2026/04/23 13:24:24,72053,14410.6,340,5.83,-34.41,52.44,20,253.75,15,20.2734,0.02,0.14575,120.088
2026/04/23 13:24:39,71088,14217.6,344,5.9,-34.2,51.09,20,253.75,15,20.4391,0.02,0.1475,118.48
2026/04/23 13:24:53,83553,16710.6,352,6.03,-34.09,50.26,20,253.75,15,20.5432,0.02,0.15075,139.255
2026/04/23 13:25:10,73413,14682.6,343,5.88,-33.99,49.52,20,253.75,15,20.6375,0.02,0.147,122.355
2026/04/23 13:25:13,70824,14164.8,333,5.71,-33.93,50.1,1024,253.75,15,20.5634,1.024,0.14275,118.04
2026/04/23 13:25:28,74008,14801.6,337,5.78,-33.66,49.25,20,253.75,15,20.6723,0.02,0.1445,123.347
2026/04/23 13:25:42,76390,15278,333,5.71,-33.45,48.83,20,253.75,15,20.7268,0.02,0.14275,127.317
2026/04/23 13:25:56,71997,14399.4,335,5.74,-33.13,48.18,20,253.75,15,20.812,0.02,0.1435,119.995
2026/04/23 13:30:36,79367,15873.4,351,6.02,-28.86,36.11,20,253.75,15,22.6554,0.02,0.1505,132.278
2026/04/23 13:30:50,70695,14139,341,5.85,-28.57,35.88,20,254,15,22.6965,0.02,0.14625,117.825
2026/04/23 13:30:53,77228,15445.6,340,5.83,-28.56,35.83,1024,254,15,22.7054,1.024,0.14575,128.713
2026/04/23 13:31:08,78753,15750.6,348,5.97,-28.2,35.21,1024,254,15,22.8175,1.024,0.14925,131.255
2026/04/23 13:31:25,72985,14597,331,5.67,-28.03,35.25,20,254,15,22.8102,0.02,0.14175,121.642
2026/04/23 13:31:39,70777,14155.4,340,5.83,-27.89,34.41,20,254,15,22.9652,0.02,0.14575,117.962
2026/04/23 13:31:54,72606,14521.2,333,5.71,-27.77,34.27,20,254,15,22.9914,0.02,0.14275,121.01
2026/04/23 13:32:08,74437,14887.4,343,5.88,-27.49,33.06,20,254,15,23.2226,0.02,0.147,124.062
2026/04/23 13:32:22,78983,15796.6,335,5.74,-27.29,33.24,20,254,15,23.1877,0.02,0.1435,131.638
2026/04/23 13:35:48,77403,15480.6,325,5.57,-24.23,26.79,20,254.5,15,24.5803,0.02,0.13925,129.005
2026/04/23 13:36:02,72779,14555.8,325,5.57,-24.03,26.15,20,254.5,15,24.7369,0.02,0.13925,121.298
2026/04/23 13:36:16,77704,15540.8,341,5.85,-23.83,25.74,20,254.5,15,24.8393,0.02,0.14625,129.507
2026/04/23 13:36:19,71285,14257,317,5.43,-23.85,25.65,1024,254.5,15,24.862,1.024,0.13575,118.808
2026/04/23 13:36:34,82795,16559,340,5.83,-23.58,24.84,1024,254.5,15,25.0702,1.024,0.14575,137.992
2026/04/23 13:36:48,72310,14462,317,5.43,-23.51,24.8,1024,254.5,15,25.0807,1.024,0.13575,120.517
2026/04/23 13:36:51,83080,16616,340,5.83,-23.41,24.08,20,254.5,15,25.272,0.02,0.14575,138.467
2026/04/23 13:37:06,71328,14265.6,317,5.43,-23.2,24.34,20,254.75,15,25.2022,0.02,0.13575,118.88
2026/04/23 13:37:23,71144,14228.8,321,5.5,-23.09,23.84,20,254.75,15,25.337,0.02,0.1375,118.573
2026/04/23 13:37:37,78291,15658.2,343,5.88,-22.87,23.03,20,254.75,15,25.5618,0.02,0.147,130.485
2026/04/23 13:37:52,76502,15300.4,333,5.71,-22.56,23.48,20,254.75,15,25.4359,0.02,0.14275,127.503
2026/04/23 13:38:06,74754,14950.8,339,5.81,-22.39,22.55,20,255,15,25.6988,0.02,0.14525,124.59
2026/04/23 13:38:21,70880,14176,341,5.85,-22.13,22.3,20,255,15,25.7714,0.02,0.14625,118.133
2026/04/23 13:38:38,74795,14959,336,5.76,-21.79,21.82,1024,255,15,25.9131,1.024,0.144,124.658
2026/04/23 13:38:52,71665,14333,325,5.57,-21.52,21.91,1024,255,15,25.8863,1.024,0.13925,119.442
2026/04/23 13:39:07,74252,14850.4,331,5.67,-21.24,21.21,1024,255,15,26.0979,1.024,0.14175,123.753
2026/04/23 13:39:21,83380,16676,339,5.81,-20.91,20.19,20,255,15,26.4195,0.02,0.14525,138.967
2026/04/23 13:39:36,71006,14201.2,328,5.62,-20.71,20.76,20,255,15,26.2377,0.02,0.1405,118.343
2026/04/23 13:39:50,70861,14172.2,328,5.62,-20.43,20.49,20,255,15,26.3232,0.02,0.1405,118.102
2026/04/23 13:40:05,74563,14912.6,331,5.67,-20.11,20.04,1024,255,15,26.4682,1.024,0.14175,124.272
2026/04/23 13:40:19,73974,14794.8,329,5.64,-19.86,19.56,1024,255.25,15,26.6265,1.024,0.141,123.29
2026/04/23 13:40:36,74672,14934.4,335,5.74,-19.57,18.73,20,255.25,15,26.9101,0.02,0.1435,124.453
2026/04/23 13:40:51,76822,15364.4,340,5.83,-19.31,18.36,20,255.25,15,27.0407,0.02,0.14575,128.037
2026/04/23 13:40:54,79094,15818.8,337,5.78,-19.25,17.96,20,255.25,15,27.185,0.02,0.1445,131.823
2026/04/23 13:41:08,77488,15497.6,343,5.88,-18.97,17.9,20,255.25,15,27.2069,0.02,0.147,129.147
2026/04/23 13:41:22,71405,14281,331,5.67,-18.6,18.31,20,255.5,15,27.0586,0.02,0.14175,119.008
2026/04/23 13:41:37,72161,14432.2,320,5.49,-18.27,17.82,0,255.5,15,27.2363,0,0.13725,120.268
2026/04/23 13:41:40,72380,14476,329,5.64,-18.18,17.76,1024,255.5,15,27.2584,1.024,0.141,120.633
2026/04/23 13:41:57,72186,14437.2,314,5.38,-17.91,17.24,20,255.5,15,27.4532,0.02,0.1345,120.31
2026/04/23 13:42:12,74785,14957,339,5.81,-17.53,17.22,20,255.5,15,27.4608,0.02,0.14525,124.642
2026/04/23 13:42:26,71442,14288.4,328,5.62,-17.38,16.73,20,255.75,15,27.6503,0.02,0.1405,119.07
2026/04/23 13:42:40,72960,14592,336,5.76,-17.02,16.37,20,255.75,15,27.7932,0.02,0.144,121.6
2026/04/23 13:42:55,81698,16339.6,339,5.81,-16.69,15.21,20,255.75,15,28.2765,0.02,0.14525,136.163
2026/04/23 13:43:15,79697,15939.4,328,5.62,-16.36,14.7,20,255.75,15,28.5012,0.02,0.1405,132.828
2026/04/23 13:43:30,71267,14253.4,317,5.43,-16.03,15.72,20,0,15,28.0595,0.02,0.13575,118.778
2026/04/23 13:43:44,79370,15874,332,5.69,-15.83,14.18,20,0,15,28.7387,0.02,0.14225,132.283
2026/04/23 13:43:58,71124,14224.8,316,5.42,-15.44,14.78,20,0,15,28.4654,0.02,0.1355,118.54
2026/04/23 13:48:05,81744,16348.8,335,5.74,-10.32,9.9,20,1,15,31.1216,0.02,0.1435,136.24
2026/04/23 13:48:19,71084,14216.8,329,5.64,-10.02,10.73,20,1,15,30.5855,0.02,0.141,118.473
2026/04/23 13:48:34,81599,16319.8,340,5.83,-9.79,10.07,20,1,15,31.0081,0.02,0.14575,135.998
2026/04/23 13:48:43,80176,16035.2,328,5.62,-9.64,10.2,20,1,15,30.9227,0.02,0.1405,133.627
2026/04/23 13:48:57,71308,14261.6,321,5.5,-9.28,9.99,20,1.5,15,31.0613,0.02,0.1375,118.847
2026/04/23 13:49:12,81499,16299.8,335,5.74,-9.04,8.95,20,1.5,15,31.7952,0.02,0.1435,135.832
2026/04/23 13:49:26,70957,14191.4,331,5.67,-8.69,9.62,20,1.5,15,31.313,0.02,0.14175,118.262
2026/04/23 13:49:40,82327,16465.4,336,5.76,-8.42,8.58,20,1.5,15,32.0777,0.02,0.144,137.212
2026/04/23 13:49:55,71118,14223.6,325,5.57,-8.09,9.38,20,1.75,15,31.4816,0.02,0.13925,118.53
2026/04/23 13:50:12,79155,15831,335,5.74,-7.73,8,20,1.75,15,32.548,0.02,0.1435,131.925
2026/04/23 13:53:58,78428,15685.6,331,5.67,-2.98,6.48,22,3,15,33.9801,0.022,0.14175,130.713
2026/04/23 14:57:22,262143,52428.6,636,10.9,23.69,1019.47,52,14,15,-0.0516484,0.052,0.2725,436.905
2026/04/23 14:57:36,262143,52428.6,636,10.9,23.45,1019.54,133,14,15,-0.0522282,0.133,0.2725,436.905
2026/04/23 14:57:50,262143,52428.6,633,10.85,23.27,1019.54,168,14,15,-0.0522282,0.168,0.27125,436.905
2026/04/23 14:58:08,262143,52428.6,634,10.87,23.53,1019.44,194,14.25,15,-0.0513999,0.194,0.27175,436.905
2026/04/23 14:58:22,262143,52428.6,632,10.83,23.86,1019.47,194,14.25,15,-0.0516484,0.194,0.27075,436.905
2026/04/23 14:58:37,262143,52428.6,629,10.78,23.93,1019.38,196,14.25,15,-0.0509029,0.196,0.2695,436.905
2026/04/23 14:58:51,262143,52428.6,628,10.77,23.99,1019.39,141,14.25,15,-0.0509857,0.141,0.26925,436.905
2026/04/23 14:59:06,262143,52428.6,626,10.73,24.2,1019.42,165,14.25,15,-0.0512342,0.165,0.26825,436.905
2026/04/23 14:59:20,262143,52428.6,629,10.78,24.45,1019.39,0,14.75,15,-0.0509857,0,0.2695,436.905
2026/04/23 14:59:37,262143,52428.6,626,10.73,24.5,1019.42,147,14.75,15,-0.0512342,0.147,0.26825,436.905
2026/04/23 14:59:52,262143,52428.6,621,10.65,24.49,1019.36,182,14.75,15,-0.0507372,0.182,0.26625,436.905
2026/04/23 15:00:06,262143,52428.6,619,10.61,24.4,1019.35,188,14.75,15,-0.0506544,0.188,0.26525,436.905
2026/04/23 15:00:20,262143,52428.6,615,10.54,24.49,1019.39,175,15.25,15,-0.0509857,0.175,0.2635,436.905
2026/04/23 15:00:35,262143,52428.6,613,10.51,24.41,1019.36,179,15.25,15,-0.0507372,0.179,0.26275,436.905
2026/04/23 15:00:52,262143,52428.6,613,10.51,24.5,1019.4,128,15.25,15,-0.0510686,0.128,0.26275,436.905
2026/04/23 15:01:07,262143,52428.6,615,10.54,24.34,1019.3,71,15.25,15,-0.0502402,0.071,0.2635,436.905
2026/04/23 15:01:21,262143,52428.6,615,10.54,24.34,1019.38,145,15.5,15,-0.0509029,0.145,0.2635,436.905
2026/04/23 15:01:35,262143,52428.6,613,10.51,24.41,1019.35,128,15.5,15,-0.0506544,0.128,0.26275,436.905
2026/04/23 15:01:38,262143,52428.6,614,10.53,24.49,1019.28,128,15.5,15,-0.0500745,0.128,0.26325,436.905
2026/04/23 15:01:53,262143,52428.6,610,10.46,24.61,1019.31,159,15.5,15,-0.050323,0.159,0.2615,436.905
2026/04/23 15:01:56,262143,52428.6,613,10.51,24.62,1019.27,1024,15.5,15,-0.0499917,1.024,0.26275,436.905
2026/04/23 15:02:10,262143,52428.6,609,10.44,24.69,1019.33,1024,15.5,15,-0.0504887,1.024,0.261,436.905
2026/04/23 15:02:25,262143,52428.6,610,10.46,24.69,1019.23,111,15.75,15,-0.0496603,0.111,0.2615,436.905
2026/04/23 15:02:42,262143,52428.6,606,10.39,24.59,1019.27,142,15.75,15,-0.0499917,0.142,0.25975,436.905
2026/04/23 15:02:56,262143,52428.6,605,10.37,24.44,1019.21,138,15.75,15,-0.0494946,0.138,0.25925,436.905
2026/04/23 15:03:11,262143,52428.6,606,10.39,24.25,1019.2,90,15.75,15,-0.0494117,0.09,0.25975,436.905
2026/04/23 15:03:28,262143,52428.6,602,10.32,24.39,1019.33,1024,16.25,15,-0.0504887,1.024,0.258,436.905
2026/04/23 15:03:49,262143,52428.6,601,10.3,23.82,1019.23,105,16.25,15,-0.0496603,0.105,0.2575,436.905
2026/04/23 15:04:03,262143,52428.6,598,10.25,23.36,1019.17,1024,16.25,15,-0.0491632,1.024,0.25625,436.905
2026/04/23 15:04:18,262143,52428.6,601,10.3,23.56,1019.27,20,16.25,15,-0.0499917,0.02,0.2575,436.905
2026/04/23 15:04:32,262143,52428.6,598,10.25,23.78,1019.24,109,16.5,15,-0.0497431,0.109,0.25625,436.905
2026/04/23 15:04:49,262143,52428.6,593,10.17,24.27,1019.19,244,16.5,15,-0.0493289,0.244,0.25425,436.905
2026/04/23 15:05:04,262143,52428.6,587,10.06,24.31,1019.18,181,16.5,15,-0.049246,0.181,0.2515,436.905
2026/04/23 15:05:18,262143,52428.6,582,9.98,24.36,1019.11,165,16.5,15,-0.0486661,0.165,0.2495,436.905
2026/04/23 15:05:21,262143,52428.6,586,10.05,24.41,1019.18,163,16.5,15,-0.049246,0.163,0.25125,436.905
2026/04/23 15:05:33,48488,9697.6,93,1.59,24.26,1020.35,274,16.75,15,-0.058935,0.274,0.03975,80.8133
2026/04/23 15:05:44,31883,6376.6,74,1.27,24.27,1020.28,313,16.75,15,-0.0583555,0.313,0.03175,53.1383
2026/04/23 15:05:56,36670,7334,77,1.32,23.94,1020.2,273,16.75,15,-0.0576933,0.273,0.033,61.1167
2026/04/23 15:05:59,39900,7980,75,1.29,23.96,1020.51,1024,16.75,15,-0.0602592,1.024,0.03225,66.5
2026/04/23 15:06:10,43834,8766.8,82,1.41,24,1020.58,163,16.75,15,-0.0608386,0.163,0.03525,73.0567
2026/04/23 15:06:22,27005,5401,54,0.93,24.04,1020.28,181,16.75,15,-0.0583555,0.181,0.02325,45.0083
2026/04/23 15:06:33,40790,8158,85,1.46,23.92,1019.64,249,16.75,15,-0.0530564,0.249,0.0365,67.9833
2026/04/23 15:06:36,38133,7626.6,85,1.46,23.92,1019.54,34,16.75,15,-0.0522282,0.034,0.0365,63.555
2026/04/23 15:06:48,13173,2634.6,44,0.75,23.25,1020.88,165,17,15,-0.063321,0.165,0.01875,21.955
2026/04/23 15:06:59,46890,9378,81,1.39,22.82,1019.58,175,17,15,-0.0525595,0.175,0.03475,78.15
2026/04/23 15:07:11,47902,9580.4,86,1.47,22.56,1020.41,179,17,15,-0.0594316,0.179,0.03675,79.8367
2026/04/23 15:07:14,47954,9590.8,87,1.49,22.42,1020.2,20,17,15,-0.0576933,0.02,0.03725,79.9233
2026/04/23 15:07:25,43448,8689.6,87,1.49,21.98,1020.87,163,17,15,-0.0632383,0.163,0.03725,72.4133
2026/04/23 15:07:36,45722,9144.4,79,1.35,21.9,1021.4,174,17,15,-0.0676225,0.174,0.03375,76.2033
2026/04/23 15:07:48,44000,8800,74,1.27,22.15,1021.47,125,17.25,15,-0.0682014,0.125,0.03175,73.3333
2026/04/23 15:07:51,36981,7396.2,60,1.03,22.17,1021.13,20,17.25,15,-0.0653892,0.02,0.02575,61.635
2026/04/23 15:08:08,19703,3940.6,55,0.94,22.22,1021.08,20,17.25,15,-0.0649756,0.02,0.0235,32.8383
2026/04/23 15:08:15,28483,5696.6,71,1.22,22.25,1021.42,20,17.25,15,-0.0677879,0.02,0.0305,47.4717
2026/04/23 15:08:29,27846,5569.2,75,1.29,22.61,1021.46,0,17.25,15,-0.0681187,0,0.03225,46.41
2026/04/23 15:08:32,26954,5390.8,67,1.15,22.66,1021.26,1024,17.25,15,-0.0664646,1.024,0.02875,44.9233
2026/04/23 15:08:49,35013,7002.6,69,1.18,22.66,1022.64,20,17.5,15,-0.0778727,0.02,0.0295,58.355
2026/04/23 15:09:01,30158,6031.6,79,1.35,22.8,1022.7,163,17.5,15,-0.0783684,0.163,0.03375,50.2633
2026/04/23 15:09:04,35000,7000,82,1.41,22.75,1022.53,20,17.5,15,-0.0769638,0.02,0.03525,58.3333
2026/04/23 15:09:15,31814,6362.8,74,1.27,22.9,1022.84,163,17.5,15,-0.079525,0.163,0.03175,53.0233
2026/04/23 15:09:27,27576,5515.2,82,1.41,22.51,1022.65,177,17.5,15,-0.0779553,0.177,0.03525,45.96
2026/04/23 15:09:38,27116,5423.2,91,1.56,22.6,1022.63,189,17.5,15,-0.0777901,0.189,0.039,45.1933
2026/04/23 15:09:50,27329,5465.8,78,1.34,22.64,1023.04,238,18,15,-0.0811771,0.238,0.0335,45.5483
2026/04/23 15:10:01,27026,5405.2,82,1.41,22.71,1023.03,238,18,15,-0.0810945,0.238,0.03525,45.0433
2026/04/23 15:10:10,26518,5303.6,77,1.32,22.63,1022.87,1024,18,15,-0.0797729,1.024,0.033,44.1967
2026/04/23 15:10:13,26230,5246,74,1.27,22.59,1022.85,20,18,15,-0.0796077,0.02,0.03175,43.7167
2026/04/23 15:10:25,23996,4799.2,77,1.32,22.54,1023.29,20,18,15,-0.0832418,0.02,0.033,39.9933
2026/04/23 15:10:36,30894,6178.8,93,1.59,22.44,1021.26,97,18,15,-0.0664646,0.097,0.03975,51.49
2026/04/23 15:10:48,33773,6754.6,83,1.42,22.08,1021.34,125,18,15,-0.0671262,0.125,0.0355,56.2883
2026/04/23 15:11:02,36542,7308.4,77,1.32,21.71,1021.04,20,18.25,15,-0.0646447,0.02,0.033,60.9033
2026/04/23 15:11:19,15901,3180.2,43,0.74,21.87,1020.75,20,18.25,15,-0.0622453,0.02,0.0185,26.5017
2026/04/23 15:11:31,46338,9267.6,44,0.75,21.52,1020.4,309,18.25,15,-0.0593488,0.309,0.01875,77.23
2026/04/23 15:11:42,58482,11696.4,110,1.89,21.33,1021.27,284,18.25,15,-0.0665473,0.284,0.04725,97.47
2026/04/23 15:11:54,37993,7598.6,89,1.53,21.19,1021.22,206,18.25,15,-0.0661337,0.206,0.03825,63.3217
2026/04/23 15:12:05,57437,11487.4,112,1.92,21.18,1019.85,246,18.75,15,-0.0547955,0.246,0.048,95.7283
2026/04/23 15:12:17,53591,10718.2,101,1.73,20.99,1020.11,230,18.75,15,-0.0569482,0.23,0.04325,89.3183
2026/04/23 15:12:28,57582,11516.4,103,1.77,20.46,1021.47,170,18.75,15,-0.0682014,0.17,0.04425,95.97
2026/04/23 15:12:43,52115,10423,103,1.77,20.59,1020.97,20,18.75,15,-0.0640656,0.02,0.04425,86.8583
2026/04/23 15:12:54,57944,11588.8,105,1.8,20.7,1021.2,306,18.75,15,-0.0659683,0.306,0.045,96.5733
2026/04/23 15:13:06,5038,1007.6,17,0.29,20.82,1024.37,251,19,15,-0.0921567,0.251,0.00725,8.39667
2026/04/23 15:13:17,119,23.8,0,0,20.9,1024.77,231,19,15,-0.0954565,0.231,0,0.198333
2026/04/23 15:13:28,95,19,0,0,21,1024.69,220,19,15,-0.0947966,0.22,0,0.158333
2026/04/23 15:13:40,3641,728.2,24,0.41,21.12,1024.65,170,19,15,-0.0944667,0.17,0.01025,6.06833
2026/04/23 15:13:51,105,21,0,0,21.19,1024.74,120,19,15,-0.0952091,0.12,0,0.175
2026/04/23 15:14:08,0,0,0,0,21.3,1024.6,20,19.25,15,-0.0940542,0.02,0,0
2026/04/23 15:14:20,0,0,0,0,21.36,1024.65,306,19.25,15,-0.0944667,0.306,0,0
2026/04/23 15:14:34,0,0,0,0,21.41,1024.61,20,19.25,15,-0.0941367,0.02,0,0
2026/04/23 15:14:46,0,0,0,0,21.46,1024.77,163,19.25,15,-0.0954565,0.163,0,0
2026/04/23 15:14:57,0,0,0,0,21.5,1024.74,254,19.25,15,-0.0952091,0.254,0,0
2026/04/23 15:15:08,0,0,0,0,21.54,1024.7,288,19.25,15,-0.0948791,0.288,0,0
2026/04/23 15:15:11,0,0,0,0,21.55,1024.67,31,19.75,15,-0.0946317,0.031,0,0
2026/04/23 15:15:26,0,0,0,0,21.59,1024.66,47,19.75,15,-0.0945492,0.047,0,0
2026/04/23 15:15:37,0,0,0,0,21.63,1024.61,187,19.75,15,-0.0941367,0.187,0,0
2026/04/23 15:15:48,0,0,0,0,21.66,1024.74,274,19.75,15,-0.0952091,0.274,0,0
2026/04/23 15:16:00,0,0,0,0,21.7,1024.75,306,19.75,15,-0.0952916,0.306,0,0
2026/04/23 15:16:11,0,0,0,0,21.73,1024.61,296,19.75,15,-0.0941367,0.296,0,0
2026/04/23 15:16:23,0,0,0,0,21.78,1024.7,298,20,15,-0.0948791,0.298,0,0
2026/04/23 15:16:25,0,0,0,0,21.77,1024.61,61,20,15,-0.0941367,0.061,0,0
2026/04/23 15:16:37,0,0,0,0,21.82,1024.59,338,20,15,-0.0939717,0.338,0,0
2026/04/23 15:16:40,0,0,0,0,21.82,1024.56,65,20,15,-0.0937242,0.065,0,0
2026/04/23 15:16:51,0,0,0,0,21.87,1024.65,204,20,15,-0.0944667,0.204,0,0
2026/04/23 15:17:03,0,0,0,0,21.89,1024.69,216,20,15,-0.0947966,0.216,0,0
2026/04/23 15:17:14,0,0,0,0,21.94,1024.85,224,20,15,-0.0961164,0.224,0,0
2026/04/23 15:17:26,0,0,0,0,21.97,1025.01,223,20.25,15,-0.097436,0.223,0,0
2026/04/23 15:17:40,0,0,0,0,21.99,1025.28,91,20.25,15,-0.0996623,0.091,0,0
2026/04/23 15:17:51,0,0,0,0,22.07,1025.34,224,20.25,15,-0.100157,0.224,0,0
2026/04/23 15:18:51,0,0,0,0,22.28,1026.02,1024,20.5,15,-0.105762,1.024,0,0
2026/04/23 15:19:03,0,0,0,0,22.3,1026.1,256,20.5,15,-0.106421,0.256,0,0
2026/04/23 15:19:14,0,0,0,0,22.33,1026.26,258,20.5,15,-0.107739,0.258,0,0
2026/04/23 15:19:25,0,0,0,0,22.35,1026.11,263,20.75,15,-0.106503,0.263,0,0
2026/04/23 15:19:37,0,0,0,0,22.4,1026.09,301,20.75,15,-0.106339,0.301,0,0
2026/04/23 15:19:51,0,0,0,0,22.43,1026.1,1024,20.75,15,-0.106421,1.024,0,0
2026/04/23 15:20:03,0,0,0,0,22.48,1026.08,277,20.75,15,-0.106256,0.277,0,0
2026/04/23 15:20:17,0,0,0,0,22.49,1025.89,0,20.75,15,-0.104691,0,0,0
2026/04/23 15:20:28,0,0,0,0,22.53,1026.05,224,20.75,15,-0.106009,0.224,0,0
2026/04/23 15:20:40,0,0,0,0,22.56,1026.11,244,21,15,-0.106503,0.244,0,0
2026/04/23 15:20:51,0,0,0,0,22.58,1026.07,298,21,15,-0.106174,0.298,0,0
2026/04/23 15:21:02,0,0,0,0,22.59,1026.03,295,21,15,-0.105844,0.295,0,0
2026/04/23 15:21:05,0,0,0,0,22.6,1025.97,116,21,15,-0.10535,0.116,0,0
2026/04/23 15:21:17,0,0,0,0,22.63,1026.1,367,21,15,-0.106421,0.367,0,0
2026/04/23 15:21:28,0,0,0,0,22.65,1026.22,316,21,15,-0.10741,0.316,0,0
2026/04/23 15:21:31,0,0,0,0,22.67,1025.88,122,21,15,-0.104608,0.122,0,0
2026/04/23 15:21:34,0,0,0,0,22.69,1026.03,134,21.25,15,-0.105844,0.134,0,0
2026/04/23 15:21:46,0,0,0,0,22.77,1026.38,408,21.25,15,-0.108728,0.408,0,0
2026/04/23 15:21:57,1,0.2,0,0,22.9,1027.21,370,21.25,15,-0.115563,0.37,0,0.00166667
2026/04/23 15:22:58,0,0,0,0,23.1,1026.47,44,21.75,15,-0.109469,0.044,0,0
2026/04/23 15:23:10,1,0.2,0,0,23.19,1026.54,177,21.75,15,-0.110046,0.177,0,0.00166667
2026/04/23 15:23:21,1,0.2,0,0,23.24,1027.08,111,21.75,15,-0.114493,0.111,0,0.00166667
2026/04/23 15:23:35,1,0.2,0,0,23.27,1027.61,23,21.75,15,-0.118856,0.023,0,0.00166667
2026/04/23 15:23:47,1,0.2,0,0,23.33,1027.53,171,22,15,-0.118197,0.171,0,0.00166667
2026/04/23 15:23:58,0,0,0,0,23.37,1027.24,187,22,15,-0.11581,0.187,0,0
2026/04/23 15:24:09,0,0,0,0,23.42,1027.38,194,22,15,-0.116963,0.194,0,0
2026/04/23 15:24:12,0,0,0,0,23.42,1027.59,53,22,15,-0.118691,0.053,0,0
2026/04/23 15:24:24,2,0.4,0,0,23.54,1027.56,195,22,15,-0.118444,0.195,0,0.00333333
2026/04/23 15:24:35,0,0,0,0,23.64,1027.55,212,22,15,-0.118362,0.212,0,0
2026/04/23 15:24:47,0,0,0,0,23.73,1028.01,218,22.25,15,-0.122147,0.218,0,0
2026/04/23 15:24:50,0,0,0,0,23.75,1027.94,71,22.25,15,-0.121571,0.071,0,0
2026/04/23 15:25:01,1,0.2,0,0,23.83,1027.68,207,22.25,15,-0.119432,0.207,0,0.00166667
2026/04/23 15:25:13,2,0.4,0,0,23.91,1027.9,293,22.25,15,-0.121242,0.293,0,0.00333333
2026/04/23 15:25:27,3,0.6,0,0,24.04,1027.67,94,22.25,15,-0.119349,0.094,0,0.005
2026/04/23 15:25:38,3,0.6,0,0,24.14,1027.87,222,22.25,15,-0.120995,0.222,0,0.005
2026/04/23 15:25:50,0,0,0,0,24.2,1028,230,22.75,15,-0.122065,0.23,0,0
2026/04/23 15:26:01,0,0,0,0,24.26,1027.83,281,22.75,15,-0.120666,0.281,0,0
2026/04/23 15:26:15,1,0.2,0,0,24.32,1028.02,84,22.75,15,-0.122229,0.084,0,0.00166667
2026/04/23 15:26:27,0,0,0,0,24.38,1028.19,226,22.75,15,-0.123628,0.226,0,0
2026/04/23 15:26:38,0,0,0,0,24.42,1028.1,240,22.75,15,-0.122888,0.24,0,0
2026/04/23 15:26:41,0,0,0,0,24.42,1028.14,95,22.75,15,-0.123217,0.095,0,0
2026/04/23 15:26:52,0,0,0,0,24.46,1027.91,354,22.75,15,-0.121324,0.354,0,0
2026/04/23 15:27:04,0,0,0,0,24.47,1028.03,298,23,15,-0.122312,0.298,0,0
2026/04/23 15:27:15,0,0,0,0,24.51,1027.98,226,23,15,-0.1219,0.226,0,0
2026/04/23 15:27:27,0,0,0,0,24.55,1027.77,213,23,15,-0.120172,0.213,0,0
2026/04/23 15:27:30,0,0,0,0,24.54,1027.77,67,23,15,-0.120172,0.067,0,0
2026/04/23 15:27:41,0,0,0,0,24.56,1027.76,208,23,15,-0.12009,0.208,0,0
2026/04/23 17:47:25,30,6,0,0,24.63,1026.14,0,35.75,15,-0.106751,0,0,0.05
2026/04/23 17:47:36,25,5,0,0,24.4,1026.16,146,35.75,15,-0.106915,0.146,0,0.0416667
2026/04/23 17:47:48,24,4.8,0,0,24.32,1026.31,164,34.5,15,-0.108151,0.164,0,0.04
2026/04/23 17:47:59,27,5.4,0,0,24.17,1026.13,171,34.5,15,-0.106668,0.171,0,0.045
2026/04/23 17:48:13,33,6.6,0,0,23.98,1026.18,20,34.5,15,-0.10708,0.02,0,0.055
